11269	I
11620	I
448086	I
186540	I
1126254	I
1216927	I
186538	I
12870	I
10244	I
186539	I
10325	I
45219	I
11628	I
11619	I
45709	I
499556	I
649188	I
186541	I
565995	I
53258	I
388795	II
505231	II
505184	II
505186	II
505185	II
348026	II
348015	II
402373	II
402369	II
402372	II
402052	II
402370	II
11580	II
489491	II
45270	II
334520	II
489455	II
489460	II
11681	II
11577	II
505230	II
489450	II
1219350	II
1219352	II
1219353	II
489484	II
489452	II
206160	II
1980471	II
192196	II
273357	II
35511	II
348008	II
348011	II
348009	II
489483	II
489466	II
45269	II
388799	II
505228	II
1810948	II
402044	II
388908	II
170517	II
505226	II
505227	II
505229	II
388817	II
489451	II
11574	II
33747	II
402042	II
37814	II
11709	II
11676	II
33748	II
1980456	II
1980521	II
1933191	II
1980491	II
1980486	II
1980494	II
1980467	II
1980490	II
402371	II
118655	II
11590	II
1933187	II
1933182	II
28292	II
1006583	II
1513237	II
1933190	II
1933186	II
1933188	II
1933183	II
1980526	II
1980483	II
192199	II
292278	II
348013	II
388820	II
44755	II
36368	II
54290	II
59303	II
12475	II
10407	II
12542	II
489492	II
489493	II
36383	II
36384	II
60875	II
60877	II
177895	II
60876	II
177898	II
11038	II
60879	II
11027	II
79899	II
11072	II
58535	II
90961	II
33714	II
37124	II
12123	II
11089	II
64315	II
64288	II
47300	II
11021	II
466217	II
11082	II
57482	II
12116	II
11039	II
11029	II
38766	II
1219351	II
33743	II
48540	II
110195	II
55075	II
11080	II
12118	II
11037	II
36382	II
35292	II
11079	II
48542	II
59301	II
11084	II
12111	II
1627834	II
36385	II
11087	II
36421	II
48295	II
117204	II
11094	II
1972575	II
11073	II
11083	II
11077	II
11075	II
70733	II
31699	II
12122	II
11036	II
11060	II
11069	II
11053	II
11292	II
11034	II
449280	II
11088	II
11086	II
11070	II
11033	II
64285	II
64280	II
11085	II
41856	II
172148	II
227859	II
12538	II
64286	II
59300	II
64287	II
44026	II
59563	II
57483	II
40271	II
356114	II
33745	II
33746	II
42182	II
1968826	II
64320	II
164416	II
59302	II
48543	II
59305	II
1167696	II
1335626	II
211977	II
249583	II
38767	II
11023	II
1072176	II
746543	II
249584	II
237716	II
642022	II
64317	II
38837	II
64296	II
1544901	II
1213198	II
1846259	II
64295	II
64297	II
64894	II
44419	II
77763	II
10910	II
238099	II
238100	II
238101	II
238102	II
238103	II
449142	II
201491	II
201492	II
201493	II
201494	II
201495	II
201496	II
201497	II
10895	II
464979	II
384363	II
1906934	II
40064	II
201490	II
40057	II
40058	II
45031	II
35332	II
248911	II
248910	II
40053	II
40052	II
35329	II
35327	II
35328	II
45032	II
45029	II
45030	II
10906	II
35331	II
86061	II
86060	II
86059	II
86062	II
94967	II
197780	II
36423	II
248909	II
94966	II
35330	II
248912	II
197781	II
248913	II
248914	II
248915	II
10903	II
649604	II
104581	II
40060	II
1692107	II
11623	II
1170505	II
40062	II
63330	II
121791	II
11631	II
40059	II
10897	II
40051	II
11630	II
306276	II
356862	II
55097	II
45220	II
33720	II
204269	II
40061	II
1408137	II
40067	II
40065	II
1679172	II
1955493	II
12080	III
12086	III
12089	III
12083	III
32604	III
10335	III
12090	III
12461	III
12092	III
32603	III
10372	III
10310	III
10298	III
1933179	III
11320	III
138950	III
11520	III
10359	III
11552	III
10317	III
10376	III
37296	III
129875	IV
130310	IV
129951	IV
108098	IV
130309	IV
565302	IV
565303	IV
67605	IV
138949	IV
397342	IV
536079	IV
32605	IV
166124	IV
35333	IV
237020	IV
10941	IV
12107	IV
538120	IV
1907210	IV
39054	IV
42789	IV
31631	IV
538121	IV
1511900	IV
515178	IV
337043	IV
334202	IV
11642	IV
10804	IV
12104	IV
147712	IV
11234	IV
337041	IV
1891762	IV
11041	IV
11277	IV
138948	IV
147711	IV
1891763	IV
46350	IV
10279	IV
11250	IV
11020	IV
11216	IV
12814	IV
57579	IV
195054	IV
1313215	IV
35304	IV
1868658	IV
122928	IV
687340	IV
85106	IV
1979165	IV
11176	IV
132475	IV
11137	IV
130308	IV
1979160	IV
12730	IV
10243	IV
12643	IV
46839	IV
38804	IV
10258	IV
277944	IV
95342	IV
1979162	IV
515177	IV
290028	IV
10245	IV
36427	IV
335103	IV
1246677	IV
1891764	IV
1891765	IV
463676	IV
493803	IV
28875	IV
1330491	IV
1330524	IV
325455	IV
538123	IV
129726	IV
687343	IV
687367	IV
687366	IV
687351	IV
687349	IV
687353	IV
687358	IV
687365	IV
687346	IV
687342	IV
687364	IV
687347	IV
687355	IV
687345	IV
687354	IV
687341	IV
11272	IV
290008	IV
10942	IV
1979161	IV
1511805	IV
249588	IV
340017	IV
122929	IV
262897	IV
11318	IV
11963	IV
40054	II
1428763	II
1933309	II
194440	II
194441	II
12637	II
11103	II
1985356	II
147712	IV
1821749	IV
33721	II
1933290	II
1933307	II
1934100	II
1933291	II
1933189	II
11286	II
186536	I
12110	II
687331	IV
1511891	IV
1035377	I
1345702	I
1345703	I
1345704	I
1345705	I
1345706	I
1345707	I
1345708	I
187410	I
214092	I
229193	I
349746	I
360102	I
386656	I
547048	I
632	I
637382	I
637385	I
637386	I
649716	I
748678	I
1001534	II
1001542	II
1003201	II
1003202	II
1004954	II
1029825	II
1038927	II
1050219	II
1050221	II
1055538	II
1104320	II
1104321	II
1105094	II
1105095	II
1105096	II
1105098	II
1105099	II
1105100	II
1105101	II
1105102	II
1105104	II
1105105	II
1112250	II
1112252	II
1112254	II
1112267	II
1112912	II
1133671	II
1134456	II
119856	II
119857	II
120576	II
1210454	II
1218353	II
1218354	II
1218355	II
1218356	II
1218357	II
1218358	II
1232394	II
1249475	II
1249476	II
1249658	II
1290427	II
1290428	II
1293501	II
1306417	II
1306418	II
13373	II
1337396	II
1338411	II
1341656	II
1386968	II
1392	II
1392837	II
1420885	II
1423891	II
1432652	II
1433144	II
1439854	II
1449979	II
1450527	II
1452727	II
1452728	II
177416	II
204722	II
224914	II
227377	II
235	II
243160	II
243277	II
257363	II
260799	II
261591	II
261594	II
262698	II
264	II
272560	II
272947	II
28450	II
29459	II
29461	II
320372	II
320373	II
320388	II
320389	II
331636	II
334380	II
345073	II
351581	II
357244	II
357348	II
359391	II
360115	II
360116	II
36855	II
376619	II
392021	II
393011	II
393115	II
401614	II
418136	II
430066	II
434922	II
434923	II
434924	II
441952	II
444178	II
449216	II
452659	II
458234	II
470137	II
483179	II
520450	II
520454	II
520455	II
520461	II
520466	II
520487	II
543737	II
546272	II
557724	II
568206	II
568815	II
585395	II
592021	II
593588	II
645170	II
666	II
676032	II
686	II
703352	II
743835	II
768494	II
777	II
782	II
783	II
83334	II
83554	II
884204	II
914149	II
941967	II
984129	II
1007870	III
1007871	III
1017264	III
102608	III
102611	III
102617	III
1030009	III
1055527	III
1055528	III
1055529	III
1055530	III
1055531	III
1055532	III
1071753	III
1071755	III
1071759	III
1071762	III
1071763	III
1071766	III
1071767	III
1071769	III
1071770	III
1071771	III
1071772	III
1071773	III
1071774	III
1071777	III
1071783	III
1075089	III
1093099	III
1095685	III
1095955	III
1105110	III
1110697	III
1132496	III
1147130	III
1155776	III
115713	III
1163739	III
1163740	III
1163742	III
1163743	III
1196164	III
1196165	III
1196171	III
1196174	III
1196176	III
1196180	III
1196183	III
1196188	III
1201032	III
1211776	III
122586	III
1229671	III
1231072	III
1234365	III
1234600	III
1240980	III
1244528	III
1244529	III
1248725	III
1248726	III
1249650	III
1249651	III
1249652	III
1249653	III
1249654	III
1249655	III
1249656	III
1262673	III
1263406	III
1263863	III
1273266	III
1279460	III
1288295	III
1295010	III
1304873	III
1304890	III
1311573	III
1312904	III
1313290	III
1321938	III
1321939	III
1321940	III
1321941	III
1334565	III
1338035	III
1340842	III
1340853	III
1347340	III
1349826	III
1349827	III
1352356	III
1357994	III
1380767	III
1380768	III
1382920	III
1382921	III
1382922	III
1382923	III
1382925	III
1382926	III
1382927	III
1383068	III
1385720	III
1385721	III
1385722	III
1385723	III
1385724	III
1386087	III
138677	III
1391726	III
1391727	III
1391728	III
1395589	III
1407462	III
1407463	III
1408176	III
1408283	III
1415774	III
1426844	III
1431450	III
1431547	III
1435046	III
1437838	III
1437856	III
1447714	III
1455592	III
1491	III
1507806	III
156539	III
1617964	III
1639	III
1648	III
1659	III
1717	III
1764	III
1773	III
182082	III
1823	III
189518	III
192222	III
195099	III
197	III
198214	III
202751	III
202752	III
205920	III
210	III
212717	III
214675	III
216599	III
222891	III
242231	III
247156	III
257309	III
267671	III
269484	III
272561	III
272624	III
272631	III
272831	III
272843	III
272944	III
272951	III
290847	III
293614	III
297245	III
297246	III
300267	III
300268	III
300269	III
315277	III
32020	III
32022	III
338215	III
344609	III
347255	III
354242	III
357544	III
35790	III
360106	III
360109	III
37329	III
37333	III
374833	III
374923	III
393126	III
393127	III
395095	III
406984	III
407148	III
410289	III
412418	III
413999	III
42897	III
441772	III
44275	III
44283	III
446	III
45979	III
471472	III
471473	III
476213	III
478547	III
485	III
487	III
491079	III
498213	III
498214	III
512562	III
515621	III
520	III
521006	III
52769	III
528354	III
563041	III
563174	III
567106	III
568819	III
570508	III
573825	III
580047	III
580049	III
584721	III
585535	III
585538	III
591020	III
592205	III
596777	III
604162	III
624	III
634464	III
637913	III
645464	III
650150	III
653938	III
662598	III
672161	III
684950	III
688354	III
693745	III
698962	III
698963	III
698964	III
698965	III
698966	III
698967	III
698968	III
698969	III
698970	III
698971	III
698972	III
698973	III
707183	III
707184	III
707185	III
707186	III
707187	III
718219	III
718271	III
747	III
758678	III
759363	III
759364	III
765962	III
765963	III
765964	III
794851	III
813	III
83558	III
85962	III
85963	III
866344	III
866345	III
866346	III
869727	III
881621	III
882020	III
887712	III
90370	III
907237	III
907238	III
907239	III
907240	III
907263	III
907264	III
907265	III
907266	III
907267	III
907268	III
907269	III
907270	III
907271	III
907272	III
909420	III
91891	III
91892	III
929506	III
930781	III
932920	III
935198	III
935589	III
935591	III
935593	III
935599	III
942513	III
985080	III
985081	III
1003239	IV
1004952	IV
1005041	IV
1005042	IV
1007064	IV
1010840	IV
1031536	IV
1032069	IV
1104325	IV
1112856	IV
1124626	IV
1130804	IV
1131442	IV
1155071	IV
1155766	IV
1167694	IV
1170318	IV
1183378	IV
1183380	IV
1184252	IV
1197719	IV
1198676	IV
1201292	IV
1203670	IV
1206105	IV
1207470	IV
1208660	IV
1211705	IV
1213463	IV
1217984	IV
1219076	IV
1232659	IV
1233171	IV
1233262	IV
1235829	IV
1236608	IV
1236904	IV
1238993	IV
1241582	IV
1246365	IV
1249660	IV
1249661	IV
1249662	IV
1249663	IV
1249664	IV
1249665	IV
1249667	IV
1261127	IV
1263756	IV
1263757	IV
1263758	IV
1263760	IV
1263761	IV
1263762	IV
1263763	IV
1263835	IV
1267000	IV
1273173	IV
1276647	IV
1280940	IV
1295140	IV
1299333	IV
1302858	IV
1305849	IV
1309806	IV
1309807	IV
1323661	IV
1328311	IV
1329908	IV
1334187	IV
1334564	IV
1336746	IV
1338032	IV
1338034	IV
1340847	IV
1344042	IV
134821	IV
1351	IV
1352	IV
1358410	IV
1380773	IV
1388749	IV
1388750	IV
139	IV
1395570	IV
1396	IV
1406863	IV
1435045	IV
1441379	IV
1443113	IV
1446746	IV
1453989	IV
1454382	IV
149539	IV
1498	IV
1502	IV
1504	IV
160490	IV
160491	IV
170187	IV
171101	IV
1766	IV
1778	IV
1787	IV
186103	IV
1867252	IV
189423	IV
193567	IV
195	IV
195102	IV
196600	IV
198466	IV
201	IV
205921	IV
208435	IV
2098	IV
210007	IV
2104	IV
211110	IV
216594	IV
216895	IV
218494	IV
222523	IV
223926	IV
224326	IV
226185	IV
226186	IV
226900	IV
243273	IV
262727	IV
262728	IV
269801	IV
271848	IV
272559	IV
272634	IV
273119	IV
273526	IV
281310	IV
286636	IV
287	IV
288681	IV
290338	IV
292	IV
293653	IV
295405	IV
314724	IV
319701	IV
33010	IV
333849	IV
334406	IV
347256	IV
347495	IV
35703	IV
359787	IV
360104	IV
360105	IV
361100	IV
362242	IV
365659	IV
370551	IV
370552	IV
370553	IV
370554	IV
373153	IV
38504	IV
386415	IV
393305	IV
405531	IV
405534	IV
405535	IV
411463	IV
412419	IV
423211	IV
435998	IV
445985	IV
451515	IV
451709	IV
471876	IV
471881	IV
474186	IV
47466	IV
480	IV
486410	IV
487213	IV
487215	IV
488221	IV
488222	IV
488223	IV
505682	IV
512566	IV
521007	IV
521008	IV
525381	IV
526977	IV
529507	IV
545	IV
546	IV
565575	IV
565651	IV
568813	IV
568814	IV
569	IV
572264	IV
574	IV
57975	IV
584	IV
615	IV
630	IV
637380	IV
662945	IV
662946	IV
662947	IV
663918	IV
663951	IV
663954	IV
674	IV
676	IV
681288	IV
697283	IV
71421	IV
722438	IV
72407	IV
727	IV
759913	IV
798300	IV
84112	IV
861365	IV
862964	IV
862970	IV
862971	IV
866630	IV
869215	IV
869216	IV
869269	IV
869303	IV
869304	IV
869306	IV
869307	IV
869309	IV
869311	IV
869312	IV
889933	IV
90371	IV
914127	IV
930944	IV
935296	IV
935897	IV
945704	IV
983594	IV
993512	IV
994476	IV
